"source","sha256","text"
"archive-notices/EsilvaSoft.KapibaraStudio-0.11.0-win-arm64/runtimes/win-arm64/native/OneAuthInterop.LICENSE.txt","0fe665c2ada5962fd01190ab5b2947b9a9d2c625a9f8225577441eb3256e14e3","texts/0fe665c2ada5962fd01190ab5b2947b9a9d2c625a9f8225577441eb3256e14e3.txt"
"archive-notices/EsilvaSoft.KapibaraStudio-0.11.0-win-x64/runtimes/win-x64/native/OneAuthInterop.LICENSE.txt","0fe665c2ada5962fd01190ab5b2947b9a9d2c625a9f8225577441eb3256e14e3","texts/0fe665c2ada5962fd01190ab5b2947b9a9d2c625a9f8225577441eb3256e14e3.txt"
"package-notices/Avalonia.Angle.Windows.Natives/2.1.27548.20260419/LICENSE","54aff7276217df9f6b5181613999d208c9e40d2b1d51bf55217837e6871a4a63","texts/54aff7276217df9f6b5181613999d208c9e40d2b1d51bf55217837e6871a4a63.txt"
"package-notices/CommunityToolkit.Mvvm/8.4.0/License.md","651997ef19dbb9ecb8dd660dbc86444a65af21f18cfe08daa69bf201cd5cfdfc","texts/651997ef19dbb9ecb8dd660dbc86444a65af21f18cfe08daa69bf201cd5cfdfc.txt"
"package-notices/CommunityToolkit.Mvvm/8.4.0/ThirdPartyNotices.txt","7774f8b0ab66bfb47ec154ce24a2d6d574febc44a74d940b8a037d1c56756163","texts/7774f8b0ab66bfb47ec154ce24a2d6d574febc44a74d940b8a037d1c56756163.txt"
"package-notices/HarfBuzzSharp/8.3.1.3/LICENSE.txt","89101e35a8c66fd4d6dffc1763259161d35cb564c169714ec227a768c89f2938","texts/89101e35a8c66fd4d6dffc1763259161d35cb564c169714ec227a768c89f2938.txt"
"package-notices/HarfBuzzSharp.NativeAssets.Win32/8.3.1.3/LICENSE.txt","89101e35a8c66fd4d6dffc1763259161d35cb564c169714ec227a768c89f2938","texts/89101e35a8c66fd4d6dffc1763259161d35cb564c169714ec227a768c89f2938.txt"
"package-notices/HarfBuzzSharp.NativeAssets.Win32/8.3.1.3/THIRD-PARTY-NOTICES.txt","21504c46c4c58aa64c1055bd2dcbc5f9a136b4b8c412ed3cc6740e22c5b127f5","texts/21504c46c4c58aa64c1055bd2dcbc5f9a136b4b8c412ed3cc6740e22c5b127f5.txt"
"package-notices/LiteDB/5.0.21/LICENSE","0f077c548c9f6f6181d59a6dc1ddca08f35968a9b38b7f45932932b0cb082081","texts/0f077c548c9f6f6181d59a6dc1ddca08f35968a9b38b7f45932932b0cb082081.txt"
"package-notices/Microsoft.Extensions.Configuration.Abstractions/10.0.9/THIRD-PARTY-NOTICES.TXT","6d15e10a101c6bfff2ab4429ed061bf76c456fc4b23ad6b03e0d0f8377148a21","texts/6d15e10a101c6bfff2ab4429ed061bf76c456fc4b23ad6b03e0d0f8377148a21.txt"
"package-notices/Microsoft.Extensions.DependencyInjection/10.0.0/THIRD-PARTY-NOTICES.TXT","6d15e10a101c6bfff2ab4429ed061bf76c456fc4b23ad6b03e0d0f8377148a21","texts/6d15e10a101c6bfff2ab4429ed061bf76c456fc4b23ad6b03e0d0f8377148a21.txt"
"package-notices/Microsoft.Extensions.DependencyInjection.Abstractions/10.0.10/THIRD-PARTY-NOTICES.TXT","6d15e10a101c6bfff2ab4429ed061bf76c456fc4b23ad6b03e0d0f8377148a21","texts/6d15e10a101c6bfff2ab4429ed061bf76c456fc4b23ad6b03e0d0f8377148a21.txt"
"package-notices/Microsoft.Extensions.Diagnostics.Abstractions/10.0.9/THIRD-PARTY-NOTICES.TXT","6d15e10a101c6bfff2ab4429ed061bf76c456fc4b23ad6b03e0d0f8377148a21","texts/6d15e10a101c6bfff2ab4429ed061bf76c456fc4b23ad6b03e0d0f8377148a21.txt"
"package-notices/Microsoft.Extensions.FileProviders.Abstractions/10.0.9/THIRD-PARTY-NOTICES.TXT","6d15e10a101c6bfff2ab4429ed061bf76c456fc4b23ad6b03e0d0f8377148a21","texts/6d15e10a101c6bfff2ab4429ed061bf76c456fc4b23ad6b03e0d0f8377148a21.txt"
"package-notices/Microsoft.Extensions.Hosting.Abstractions/10.0.9/THIRD-PARTY-NOTICES.TXT","6d15e10a101c6bfff2ab4429ed061bf76c456fc4b23ad6b03e0d0f8377148a21","texts/6d15e10a101c6bfff2ab4429ed061bf76c456fc4b23ad6b03e0d0f8377148a21.txt"
"package-notices/Microsoft.Extensions.Logging.Abstractions/10.0.10/THIRD-PARTY-NOTICES.TXT","6d15e10a101c6bfff2ab4429ed061bf76c456fc4b23ad6b03e0d0f8377148a21","texts/6d15e10a101c6bfff2ab4429ed061bf76c456fc4b23ad6b03e0d0f8377148a21.txt"
"package-notices/Microsoft.Extensions.Options/10.0.9/THIRD-PARTY-NOTICES.TXT","6d15e10a101c6bfff2ab4429ed061bf76c456fc4b23ad6b03e0d0f8377148a21","texts/6d15e10a101c6bfff2ab4429ed061bf76c456fc4b23ad6b03e0d0f8377148a21.txt"
"package-notices/Microsoft.Extensions.Primitives/10.0.9/THIRD-PARTY-NOTICES.TXT","6d15e10a101c6bfff2ab4429ed061bf76c456fc4b23ad6b03e0d0f8377148a21","texts/6d15e10a101c6bfff2ab4429ed061bf76c456fc4b23ad6b03e0d0f8377148a21.txt"
"package-notices/Microsoft.ML.OnnxRuntime.Managed/1.28.0/LICENSE.txt","c250d6278f0b47a6439fb7592b08b58a55eb9f535aa49a1db63211c3f982b674","texts/c250d6278f0b47a6439fb7592b08b58a55eb9f535aa49a1db63211c3f982b674.txt"
"package-notices/Microsoft.ML.OnnxRuntime.Managed/1.28.0/ThirdPartyNotices.txt","fb0af774b4d7cffc5b9d046f2aaeade2f37df2f80abf8033c95dfffcc77a8866","texts/fb0af774b4d7cffc5b9d046f2aaeade2f37df2f80abf8033c95dfffcc77a8866.txt"
"package-notices/Microsoft.ML.OnnxRuntimeGenAI.Managed/0.15.2/LICENSE","9906940f61b1f0b533fa7d99baf55178b2808fbe113ea51dfbfad8572ccd5f2b","texts/9906940f61b1f0b533fa7d99baf55178b2808fbe113ea51dfbfad8572ccd5f2b.txt"
"package-notices/Microsoft.ML.OnnxRuntimeGenAI.Managed/0.15.2/ThirdPartyNotices.txt","6d289089d8eb1811431d69fae62ab7bff2b267cbb807edec2d8e344be6c656b1","texts/6d289089d8eb1811431d69fae62ab7bff2b267cbb807edec2d8e344be6c656b1.txt"
"package-notices/Microsoft.ML.OnnxRuntimeGenAI.WinML/0.15.2/LICENSE","9906940f61b1f0b533fa7d99baf55178b2808fbe113ea51dfbfad8572ccd5f2b","texts/9906940f61b1f0b533fa7d99baf55178b2808fbe113ea51dfbfad8572ccd5f2b.txt"
"package-notices/Microsoft.ML.OnnxRuntimeGenAI.WinML/0.15.2/ThirdPartyNotices.txt","6d289089d8eb1811431d69fae62ab7bff2b267cbb807edec2d8e344be6c656b1","texts/6d289089d8eb1811431d69fae62ab7bff2b267cbb807edec2d8e344be6c656b1.txt"
"package-notices/Microsoft.NETCore.App.Runtime.win-arm64/10.0.12/LICENSE.TXT","d7a68596ab69b06f51ca278a6545148e4269a9381c26d597c13df5d88e08cf5b","texts/d7a68596ab69b06f51ca278a6545148e4269a9381c26d597c13df5d88e08cf5b.txt"
"package-notices/Microsoft.NETCore.App.Runtime.win-arm64/10.0.12/THIRD-PARTY-NOTICES.TXT","6d15e10a101c6bfff2ab4429ed061bf76c456fc4b23ad6b03e0d0f8377148a21","texts/6d15e10a101c6bfff2ab4429ed061bf76c456fc4b23ad6b03e0d0f8377148a21.txt"
"package-notices/Microsoft.NETCore.App.Runtime.win-x64/10.0.12/LICENSE.TXT","d7a68596ab69b06f51ca278a6545148e4269a9381c26d597c13df5d88e08cf5b","texts/d7a68596ab69b06f51ca278a6545148e4269a9381c26d597c13df5d88e08cf5b.txt"
"package-notices/Microsoft.NETCore.App.Runtime.win-x64/10.0.12/THIRD-PARTY-NOTICES.TXT","6d15e10a101c6bfff2ab4429ed061bf76c456fc4b23ad6b03e0d0f8377148a21","texts/6d15e10a101c6bfff2ab4429ed061bf76c456fc4b23ad6b03e0d0f8377148a21.txt"
"package-notices/Microsoft.Windows.AI.MachineLearning/2.1.1/license.txt","66395f8cb219087fae2bd025010bd9076b736c14f03b48f20295471c0c376814","texts/66395f8cb219087fae2bd025010bd9076b736c14f03b48f20295471c0c376814.txt"
"package-notices/Microsoft.Windows.AI.MachineLearning/2.1.1/ThirdPartyNotices.txt","fb0af774b4d7cffc5b9d046f2aaeade2f37df2f80abf8033c95dfffcc77a8866","texts/fb0af774b4d7cffc5b9d046f2aaeade2f37df2f80abf8033c95dfffcc77a8866.txt"
"package-notices/SkiaSharp/3.119.4/LICENSE.txt","89101e35a8c66fd4d6dffc1763259161d35cb564c169714ec227a768c89f2938","texts/89101e35a8c66fd4d6dffc1763259161d35cb564c169714ec227a768c89f2938.txt"
"package-notices/SkiaSharp.NativeAssets.Win32/3.119.4/LICENSE.txt","89101e35a8c66fd4d6dffc1763259161d35cb564c169714ec227a768c89f2938","texts/89101e35a8c66fd4d6dffc1763259161d35cb564c169714ec227a768c89f2938.txt"
"package-notices/SkiaSharp.NativeAssets.Win32/3.119.4/THIRD-PARTY-NOTICES.txt","21504c46c4c58aa64c1055bd2dcbc5f9a136b4b8c412ed3cc6740e22c5b127f5","texts/21504c46c4c58aa64c1055bd2dcbc5f9a136b4b8c412ed3cc6740e22c5b127f5.txt"
"package-notices/System.Memory.Data/10.0.9/THIRD-PARTY-NOTICES.TXT","6d15e10a101c6bfff2ab4429ed061bf76c456fc4b23ad6b03e0d0f8377148a21","texts/6d15e10a101c6bfff2ab4429ed061bf76c456fc4b23ad6b03e0d0f8377148a21.txt"
"package-notices/System.Numerics.Tensors/9.0.0/LICENSE.TXT","d7a68596ab69b06f51ca278a6545148e4269a9381c26d597c13df5d88e08cf5b","texts/d7a68596ab69b06f51ca278a6545148e4269a9381c26d597c13df5d88e08cf5b.txt"
"package-notices/System.Numerics.Tensors/9.0.0/THIRD-PARTY-NOTICES.TXT","40686c6447a7d5b5d3693068e4571b5f483d7ed335aeee773ef662440de4c5d5","texts/40686c6447a7d5b5d3693068e4571b5f483d7ed335aeee773ef662440de4c5d5.txt"
"source-notices/win32-arm64/LICENSE.md","b9680937e10425bf19862908856c16ed274e6b81a1368bd62be7a757eab21628","texts/b9680937e10425bf19862908856c16ed274e6b81a1368bd62be7a757eab21628.txt"
"source-notices/win32-arm64/package.json","c08cf84f0a47da89cb1cbd244a4a7c7eecb30fa6dbaf65506c2b93333e46efbf","texts/c08cf84f0a47da89cb1cbd244a4a7c7eecb30fa6dbaf65506c2b93333e46efbf.txt"
"source-notices/win32-x64/LICENSE.md","b9680937e10425bf19862908856c16ed274e6b81a1368bd62be7a757eab21628","texts/b9680937e10425bf19862908856c16ed274e6b81a1368bd62be7a757eab21628.txt"
"source-notices/win32-x64/package.json","c08cf84f0a47da89cb1cbd244a4a7c7eecb30fa6dbaf65506c2b93333e46efbf","texts/c08cf84f0a47da89cb1cbd244a4a7c7eecb30fa6dbaf65506c2b93333e46efbf.txt"
